ID;Title;Summary;Keywords
1;Empowering Global Wellness: AlivenessLAB AS's Journey of Growth and Expansion;AlivenessLAB AS, with its mission to promote personal growth, wellness, and holistic health, introduces its innovative program, SlowYou, aimed at empowering individuals through bioenergetic and mindfulness practices. Starting in Norway, the company has demonstrated significant financial growth over four years, with plans for international expansion into Sweden and Denmark. The detailed financial data highlights a strategic expansion, from initial operations to a broader reach, with an increasing number of trainers, weekly trainings, and income. The expansion strategy focuses on adapting to local market dynamics and cultural nuances to ensure the success of the SlowYou program abroad. AlivenessLAB AS seeks to scale its impact globally, leveraging its business model and understanding of wellness trends. The document concludes with a call to action for support in this international venture, aiming to transform lives worldwide through its wellness solutions. This summary outlines the foundation for a detailed PDF presentation for the Board of Directors, emphasizing the need for professional formatting and design to effectively convey the company's achievements and future plans.;Empowering individuals through #PersonalGrowth, #Wellness, and #HolisticHealth, #AlivenessLAB AS introduces #SlowYou, aiming for #GlobalImpact with its #InternationalExpansion into #Sweden and #Denmark, focusing on #FinancialGrowth and #MarketAdaptation for transformative #WellnessSolutions.
2;The SlowYou Exercises;The exercises within the SlowYou program are deeply rooted in bioenergetic exercises, a physical therapy approach developed in the 1950s by Alexander Lowen, who studied under Wilhelm Reich. These exercises aim to release chronic muscle tension, which Lowen and Reich believed was closely linked to emotional and psychological stress. Here’s a summary of the exercises and the rationale behind them:;
3;Exercise 1;1. **Standing and Sensing Self**: Focuses on breathing, relaxing knees and jaw to foster a state of presence and body awareness.;
4;Exercise 2;2. **Golf Ball Foot Massage**: Enhances grounding and body awareness.;
5;Exercise 3;3. **Basic Grounding Exercise**: Strengthens connection to the earth, promoting stability and security.;
6;Exercise 4;4. **Hip Movement**: Circles and figure-eight movements to release tension and improve flexibility.;
7;Exercise 5;5. **Balancing Exercises**: Incorporates focused breathing to enhance balance and concentration.;
8;Exercise 6;6. **Forward Bending and Stretching**: Promotes flexibility and stress release.;
9;Exercise 7;7. **Face and Jaw Massage**: Aids in releasing facial tension, complementing overall relaxation.;
10;Exercise 8;8. **Twisting Arms**: From the shoulder to engage core and upper body.;
11;Exercise 9;9. **Swinging Arms and Twisting Body**: Integrates movement and breath for energy flow.;
12;Exercise 10;10. **Coordination Exercise**: Engages the mind and body in complex movements for better coordination.;
13;Exercise 11;11. **Deep Breathing into Pelvic Area**: While lying down, to release tension and enhance emotional well-being.;
14;Exercise 12;12. **Foam Roller for Deep Breathing**: Facilitates deeper breath into the pelvic and diaphragm areas.;
15;Exercise 13;13. **Butterfly Legs Relaxation**: On the mat to open hips and release tension.;
16;Exercise 14;14. **Gong Playing**: For sound healing, fostering a meditative state.;
17;Exercise 15;15. **Sharing Experiences**: Reflection on the session to integrate and understand the personal impact of the exercises.;
18;Why We Do The exercise reason 1;- **Release of Muscle Tension**: Bioenergetic exercises aim to release the chronic muscle tension that can hold emotional and psychological stress, leading to improved emotional well-being.;
19;Why We Do The exercise reason 2;- **Enhanced Body Awareness**: Through various movements and postures, these exercises help individuals become more aware of their bodily sensations and the connection between physical sensations and emotional states.;
20;Why We Do The exercise reason 3;- **Emotional Release**: Participants are encouraged to express emotions that arise during the exercises, facilitating an emotional release that contributes to mental health.;
21;Why We Do The exercise reason 4;- **Grounding and Security**: Exercises focusing on establishing a strong connection to the ground are believed to help individuals feel more stable, secure, and grounded in their bodies.;
22;Why We Do The exercise reason 5;- **Flexibility and Movement**: Stretching and gentle movements improve flexibility and release muscle tension, contributing to physical well-being.;
23;Why We Do The exercise reason 6;- **Breathing and Relaxation**: Deep and conscious breathing techniques promote relaxation and stress release, essential for both physical and mental health.;
24;Why We Do The exercise reason 7;By integrating these exercises into a regular practice, individuals can work towards releasing built-up tension, enhancing their emotional resilience, and fostering a deeper connection with themselves, leading to a more balanced and harmonious state of being.;
25;What is SlowYou GPT 1;SlowYou GPT, within the context of our conversations and the documents you've shared, appears to be a tailored version of the ChatGPT model designed specifically to support and provide guidance on the SlowYou practice. SlowYou is a holistic approach that emphasizes bioenergetic exercises, presence, and body awareness, aiming to foster personal growth, emotional resilience, and physical health.;
26;What is SlowYou GPT 2;This specialized GPT model, therefore, is programmed with an understanding of the SlowYou principles and practices, equipped to offer:;
27;What is SlowYou GPT 3;1. **Empathetic Engagement**: Responding to users with empathy, understanding, and insight, mirroring the compassionate ethos of SlowYou practices.;
28;What is SlowYou GPT 4;2. **Customized Recommendations**: Offering personalized guidance on exercises, reflective practices, and advice tailored to the individual's circumstances and questions.;
29;What is SlowYou GPT 5;3. **Encouragement for Self-Reflection**: Motivating users to engage in self-reflection and presence, utilizing SlowYou principles to promote insightful exploration of self.;
30;What is SlowYou GPT 6;4. **Navigating Challenges**: Providing strategies for addressing personal conflicts or challenges, emphasizing empathy, effective communication, and self-care.;
31;What is SlowYou GPT 7;5. **Holistic Well-being Approach**: Highlighting the interconnectedness of mind, body, and spirit for overall well-being, incorporating physical exercises, emotional exploration, and spiritual contemplation.;
32;What is SlowYou GPT 8;SlowYou GPT acts as a nurturing and insightful ally for users exploring the principles of SlowYou, fostering a deeper connection with themselves and enhancing their sense of presence and harmony with their bodies. It's a guiding tool for individuals seeking to deepen their practice or learn more about SlowYou, offering support, guidance, and information derived from a comprehensive understanding of SlowYou materials and principles.;
